{"epoch":1999,"_timestamp":1.7485771388352358e+09,"_runtime":164.291546544,"_step":1999,"train_loss":115.41843787299263,"val_loss":100.5937271118164,"_wandb":{"runtime":164}}