{"train_loss": 0.0006862652927027665, "val_loss": 0.0021878345319445106, "epoch": 49, "_timestamp": 1748742681.7843587, "_runtime": 1473.5815806388855, "_step": 49, "_wandb": {"runtime": 1473}}