{"_runtime":122.721098692,"_step":1999,"_wandb":{"runtime":122},"train_loss":0.45514484379026626,"val_loss":0.3958108574151993,"epoch":1999,"_timestamp":1.7485407801462097e+09}