{"train_loss": 0.0008148204127579567, "val_loss": 0.00214014918837077, "epoch": 49, "_timestamp": 1748745275.0226681, "_runtime": 696.2651951313019, "_step": 49, "_wandb": {"runtime": 696}}