{"epoch":999,"_timestamp":1.7481522880275583e+09,"_runtime":46.719786251,"_step":999,"_wandb":{"runtime":46},"train_loss":0.4281546831130981,"val_loss":0.5440292596817017}