{"train_loss": 0.00014910040587310348, "val_loss": 0.0004737440285802841, "epoch": 49, "_timestamp": 1748742962.7410471, "_runtime": 219.63925409317017, "_step": 49, "_wandb": {"runtime": 219}}