{"train_loss": 0.0006798256441993011, "val_loss": 0.0022778215350867863, "epoch": 199, "_timestamp": 1748715284.727182, "_runtime": 1958.8722968101501, "_step": 199, "_wandb": {"runtime": 1958}}