{"train_loss": 0.0012720138506805516, "val_loss": 0.0033935921297287767, "epoch": 54, "_timestamp": 1748713868.8136938, "_runtime": 542.9588086605072, "_step": 54}