{"train_loss": 0.01680657351309262, "val_loss": 0.012171998242851565, "epoch": 2, "_timestamp": 1748755005.7700565, "_runtime": 14.842015504837036, "_step": 2}