{"_step":0,"train_loss":1.7037042892378684,"_wandb":{"runtime":16},"val_loss":1.6509035273203774,"epoch":0,"_timestamp":1.7485826258199568e+09,"_runtime":13.797517634}