{"_wandb":{"runtime":80},"_step":4,"train_loss":0.3701366279596164,"val_loss":0.3198131639806051,"epoch":4,"_timestamp":1.7485837463518243e+09,"_runtime":73.52138961}