{"train_loss":0.4182574550310771,"_wandb":{"runtime":47},"val_loss":0.4085437536239624,"epoch":999,"_timestamp":1.748152812114553e+09,"_runtime":47.979583893,"_step":999}