{"train_loss": 0.00021318671851824593, "val_loss": 0.0018189537635994804, "epoch": 49, "_timestamp": 1748743362.6215909, "_runtime": 391.5850987434387, "_step": 49, "_wandb": {"runtime": 391}}