{"train_loss": 0.0006352144672937493, "val_loss": 0.0021263494995479365, "epoch": 49, "_timestamp": 1748744572.2634351, "_runtime": 676.0844640731812, "_step": 49, "_wandb": {"runtime": 675}}