{"_step":1999,"_wandb":{"runtime":83},"train_loss":0.5925446708997091,"val_loss":0.7264755249023438,"epoch":1999,"_timestamp":1.7481575723141625e+09,"_runtime":83.57207954}