{"_wandb":{"runtime":23},"_step":999,"train_loss":0.001442934828810394,"val_loss":0.0077412955462932585,"epoch":999,"_timestamp":1.748144316548364e+09,"_runtime":23.272737174}