{"train_loss":80.57999098036024,"val_loss":169.75908889770508,"epoch":1999,"_timestamp":1.7485757324935505e+09,"_wandb":{"runtime":153},"_runtime":153.580227649,"_step":1999}