{"train_loss": 0.0005317904821981154, "val_loss": 0.0019310249513681448, "epoch": 199, "_timestamp": 1748716994.8149, "_runtime": 1676.7075958251953, "_step": 199, "_wandb": {"runtime": 1676}}