{"train_loss":4.028200409147474,"val_loss":4.595966720581055,"epoch":1999,"_timestamp":1.748574963265013e+09,"_runtime":123.37825073,"_wandb":{"runtime":123},"_step":1999}