{"_step":1999,"train_loss":167.8043501112196,"val_loss":274.75733947753906,"epoch":1999,"_wandb":{"runtime":282},"_timestamp":1.7485776542427251e+09,"_runtime":282.344059445}