{"train_loss": 0.00040691208789434593, "val_loss": 0.0022895942551191787, "epoch": 49, "_timestamp": 1748743888.4598699, "_runtime": 519.421196937561, "_step": 49, "_wandb": {"runtime": 519}}