{"val_loss":0.3804577708244324,"epoch":695,"_timestamp":1.748156006086236e+09,"_runtime":25.686327752,"_wandb":{"runtime":26},"_step":695,"train_loss":0.4135040534867181}