{"_wandb":{"runtime":192},"_timestamp":1.7485760207586117e+09,"_runtime":192.671561492,"_step":1999,"train_loss":182.13885413275824,"val_loss":342.35243530273436,"epoch":1999}