{"train_loss": 0.00026992448925880757, "val_loss": 0.0005711799305063112, "epoch": 35, "_timestamp": 1748801137.1619945, "_runtime": 131.3887484073639, "_step": 35}