{"train_loss": 0.00027344168348336466, "val_loss": 0.0007361695476427149, "epoch": 49, "_timestamp": 1748737783.2396772, "_runtime": 439.14312720298767, "_step": 49, "_wandb": {"runtime": 438}}