{"_runtime":231.504384675,"_step":1999,"train_loss":74.28252360026042,"val_loss":214.4804443359375,"_wandb":{"runtime":231},"epoch":1999,"_timestamp":1.7485773711784432e+09}