{"train_loss": 0.004230122003333846, "val_loss": 0.005350745554064712, "epoch": 65, "_timestamp": 1748717600.727127, "_runtime": 565.7760331630707, "_step": 65, "_wandb": {"runtime": 567}}