{"_wandb":{"runtime":17},"val_loss":21.685590171813963,"epoch":999,"_timestamp":1.74815069556155e+09,"_runtime":17.27576699,"_step":999,"train_loss":0.5197572827339172}