{"_step":999,"_wandb":{"runtime":39},"train_loss":0.5290930807590485,"val_loss":0.6271766424179077,"epoch":999,"_timestamp":1.7481512679245353e+09,"_runtime":39.205984125}