{"train_loss": 0.0003383115956777729, "val_loss": 0.0018393378009376037, "epoch": 49, "_timestamp": 1748738627.2486556, "_runtime": 832.4926166534424, "_step": 49, "_wandb": {"runtime": 832}}