{"epoch":1999,"_timestamp":1.7485754299683006e+09,"_runtime":129.766193771,"_step":1999,"_wandb":{"runtime":129},"train_loss":109.98603956434462,"val_loss":142.55484313964843}