{"val_loss":4.435685849189758,"epoch":1999,"_timestamp":1.7485769737828708e+09,"_wandb":{"runtime":121},"_runtime":121.861338476,"_step":1999,"train_loss":4.087125221888225}