{"train_loss": 0.0005628952787080872, "val_loss": 0.00220656467250409, "epoch": 49, "_timestamp": 1748741195.696127, "_runtime": 1397.0416040420532, "_step": 49, "_wandb": {"runtime": 1396}}