{"_step":1999,"train_loss":8676.323075942993,"_wandb":{"runtime":88},"val_loss":1779.7007373046874,"epoch":1999,"_timestamp":1.7485733914141986e+09,"_runtime":88.036772099}