{"_timestamp":1.7481560995934336e+09,"_wandb":{"runtime":43},"_runtime":43.660344029,"_step":999,"train_loss":0.4009086575773027,"val_loss":0.4478398561477661,"epoch":999}