{"train_loss": 0.0006516734412309952, "val_loss": 0.0021527549290501794, "epoch": 199, "_timestamp": 1748723687.358798, "_runtime": 2577.6999521255493, "_step": 199, "_wandb": {"runtime": 2577}}