{"_runtime":94.76271518,"_step":1999,"_wandb":{"runtime":94},"train_loss":163.9651751030816,"val_loss":206.11099365234375,"epoch":1999,"_timestamp":1.7485724385000076e+09}