{"train_loss": 0.0003938135653857903, "val_loss": 0.0021257984619913657, "epoch": 49, "_timestamp": 1748739787.9229271, "_runtime": 1148.0568492412567, "_step": 49, "_wandb": {"runtime": 1147}}